<?xml version="1.0" encoding="UTF-8"?>
<element class="edu.cmu.cs.stage3.alice.core.Model" name="ringMiddle" version="2.001">
    <child filename="__ita__"/>
    <child filename="ringEnd"/>
    <property name="color">
        <red>1.0</red>
        <green>1.0</green>
        <blue>1.0</blue>
        <alpha>1.0</alpha>
    </property>
    <property name="ambientColor">
        <red>1.0</red>
        <green>1.0</green>
        <blue>1.0</blue>
        <alpha>1.0</alpha>
    </property>
    <property class="java.lang.Double" name="opacity">1.0</property>
    <property class="edu.cmu.cs.stage3.alice.scenegraph.FillingStyle" name="fillingStyle">edu.cmu.cs.stage3.alice.scenegraph.FillingStyle[SOLID]</property>
    <property class="edu.cmu.cs.stage3.alice.scenegraph.ShadingStyle" name="shadingStyle">edu.cmu.cs.stage3.alice.scenegraph.ShadingStyle[SMOOTH]</property>
    <property name="specularHighlightColor">
        <red>0.0</red>
        <green>0.0</green>
        <blue>0.0</blue>
        <alpha>1.0</alpha>
    </property>
    <property class="java.lang.Double" name="specularHighlightExponent">0.0</property>
    <property name="emissiveColor">
        <red>0.0</red>
        <green>0.0</green>
        <blue>0.0</blue>
        <alpha>1.0</alpha>
    </property>
    <property
        criterionClass="edu.cmu.cs.stage3.alice.core.criterion.InternalReferenceKeyedCriterion" name="diffuseColorMap"><![CDATA[newglove_3 - Default_CL]]></property>
    <property name="opacityMap"/>
    <property name="emissiveColorMap"/>
    <property name="specularHighlightColorMap"/>
    <property name="bumpMap"/>
    <property name="detailMap"/>
    <property name="interactionMap"/>
    <property name="visualScale">
        <row>
            <item>9.600000000000017</item>
            <item>0.0</item>
            <item>0.0</item>
        </row>
        <row>
            <item>0.0</item>
            <item>9.600000000000003</item>
            <item>0.0</item>
        </row>
        <row>
            <item>0.0</item>
            <item>0.0</item>
            <item>9.600000000000009</item>
        </row>
    </property>
    <property name="isShowing">true</property>
    <property name="disabledAffectors"/>
    <property
        criterionClass="edu.cmu.cs.stage3.alice.core.criterion.InternalReferenceKeyedCriterion" name="geometry">gloveBottom.gloveFist.ringKnuckle.ringBottom.ringMiddle.__ita__</property>
    <property name="visualization"/>
    <property
        componentClass="edu.cmu.cs.stage3.alice.core.Transformable" name="parts">
        <item criterionClass="edu.cmu.cs.stage3.alice.core.criterion.InternalReferenceKeyedCriterion">gloveBottom.gloveFist.ringKnuckle.ringBottom.ringMiddle.ringEnd</item>
    </property>
    <property name="poses"/>
    <property name="localTransformation">
        <row>
            <item>1.000000000000002</item>
            <item>6.534695347633582E-32</item>
            <item>-9.159339953157541E-16</item>
            <item>0.0</item>
        </row>
        <row>
            <item>1.7708259310539615E-15</item>
            <item>1.0000000000000084</item>
            <item>-1.168076052548983E-14</item>
            <item>0.0</item>
        </row>
        <row>
            <item>5.440788261860544E-15</item>
            <item>5.1396061885589095E-15</item>
            <item>0.999999999999984</item>
            <item>0.0</item>
        </row>
        <row>
            <item>0.0012476903555822538</item>
            <item>8.88178419700125E-15</item>
            <item>0.09424328779710267</item>
            <item>1.0</item>
        </row>
    </property>
    <property
        criterionClass="edu.cmu.cs.stage3.alice.core.criterion.InternalReferenceKeyedCriterion" name="vehicle">gloveBottom.gloveFist.ringKnuckle.ringBottom</property>
    <property name="isPivotShowing">false</property>
    <property name="eventsStopAscending"/>
    <property name="isBoundingBoxShowing">false</property>
    <property name="isBoundingSphereShowing">false</property>
    <property name="script"/>
    <property name="responses"/>
    <property name="behaviors"/>
    <property name="variables"/>
    <property name="questions"/>
    <property name="textureMaps"/>
    <property name="sounds"/>
    <property name="geometries"/>
    <property name="misc"/>
    <property name="isFirstClass">false</property>
    <property name="data"/>
</element>
