<?xml version="1.0" encoding="UTF-8"?>
<element class="edu.cmu.cs.stage3.alice.core.Model" name="pointerMiddle" version="2.001">
    <child filename="__ita__"/>
    <child filename="pointerEnd"/>
    <property name="color">
        <red>1.0</red>
        <green>1.0</green>
        <blue>1.0</blue>
        <alpha>1.0</alpha>
    </property>
    <property name="ambientColor">
        <red>1.0</red>
        <green>1.0</green>
        <blue>1.0</blue>
        <alpha>1.0</alpha>
    </property>
    <property class="java.lang.Double" name="opacity">1.0</property>
    <property class="edu.cmu.cs.stage3.alice.scenegraph.FillingStyle" name="fillingStyle">edu.cmu.cs.stage3.alice.scenegraph.FillingStyle[SOLID]</property>
    <property class="edu.cmu.cs.stage3.alice.scenegraph.ShadingStyle" name="shadingStyle">edu.cmu.cs.stage3.alice.scenegraph.ShadingStyle[SMOOTH]</property>
    <property name="specularHighlightColor">
        <red>0.0</red>
        <green>0.0</green>
        <blue>0.0</blue>
        <alpha>1.0</alpha>
    </property>
    <property class="java.lang.Double" name="specularHighlightExponent">0.0</property>
    <property name="emissiveColor">
        <red>0.0</red>
        <green>0.0</green>
        <blue>0.0</blue>
        <alpha>1.0</alpha>
    </property>
    <property
        criterionClass="edu.cmu.cs.stage3.alice.core.criterion.InternalReferenceKeyedCriterion" name="diffuseColorMap"><![CDATA[newglove_3 - Default_CL]]></property>
    <property name="opacityMap"/>
    <property name="emissiveColorMap"/>
    <property name="specularHighlightColorMap"/>
    <property name="bumpMap"/>
    <property name="detailMap"/>
    <property name="interactionMap"/>
    <property name="visualScale">
        <row>
            <item>9.600000000000017</item>
            <item>0.0</item>
            <item>0.0</item>
        </row>
        <row>
            <item>0.0</item>
            <item>9.600000000000003</item>
            <item>0.0</item>
        </row>
        <row>
            <item>0.0</item>
            <item>0.0</item>
            <item>9.600000000000009</item>
        </row>
    </property>
    <property name="isShowing">true</property>
    <property name="disabledAffectors"/>
    <property
        criterionClass="edu.cmu.cs.stage3.alice.core.criterion.InternalReferenceKeyedCriterion" name="geometry">gloveBottom.gloveFist.pointerKnuckle.pointerBottom.pointerMiddle.__ita__</property>
    <property name="visualization"/>
    <property
        componentClass="edu.cmu.cs.stage3.alice.core.Transformable" name="parts">
        <item criterionClass="edu.cmu.cs.stage3.alice.core.criterion.InternalReferenceKeyedCriterion">gloveBottom.gloveFist.pointerKnuckle.pointerBottom.pointerMiddle.pointerEnd</item>
    </property>
    <property name="poses"/>
    <property name="localTransformation">
        <row>
            <item>0.999999999999998</item>
            <item>1.6497220256539435E-15</item>
            <item>-6.765421556309548E-16</item>
            <item>0.0</item>
        </row>
        <row>
            <item>-2.2742213416239817E-15</item>
            <item>1.0000000000000033</item>
            <item>-8.734318725499594E-15</item>
            <item>0.0</item>
        </row>
        <row>
            <item>-4.371562380547243E-16</item>
            <item>3.904907437169997E-15</item>
            <item>0.9999999999999808</item>
            <item>0.0</item>
        </row>
        <row>
            <item>0.0012471802614721916</item>
            <item>8.393286066166183E-14</item>
            <item>0.09340968951133632</item>
            <item>1.0</item>
        </row>
    </property>
    <property
        criterionClass="edu.cmu.cs.stage3.alice.core.criterion.InternalReferenceKeyedCriterion" name="vehicle">gloveBottom.gloveFist.pointerKnuckle.pointerBottom</property>
    <property name="isPivotShowing">false</property>
    <property name="eventsStopAscending"/>
    <property name="isBoundingBoxShowing">false</property>
    <property name="isBoundingSphereShowing">false</property>
    <property name="script"/>
    <property name="responses"/>
    <property name="behaviors"/>
    <property name="variables"/>
    <property name="questions"/>
    <property name="textureMaps"/>
    <property name="sounds"/>
    <property name="geometries"/>
    <property name="misc"/>
    <property name="isFirstClass">false</property>
    <property name="data"/>
</element>
